ID,is_fraud
96518,0
41877,0
94693,0
144635,1
101986,0
106493,1
63424,1
48313,0
82668,0
93025,1
146677,0
36776,0
38346,0
47814,0
36777,0
145107,1
24972,0
118451,0
136689,0
43361,1
148076,1
147407,0
64135,0
51646,0
76757,0
131991,0
67964,0
43927,0
18951,1
79467,0
19441,0
98037,0
107968,0
55365,0
110918,0
15164,0
94084,0
77185,1
9473,0
143213,0
66349,1
109047,0
134448,0
58914,0
35300,1
73491,0
109447,0
31245,0
62712,1
125059,1
107400,0
126480,1
99466,0
109171,0
150910,0
105834,0
19537,1
6073,1
16462,1
365,0
127611,0
112973,0
63392,0
147237,1
26181,0
140693,1
145065,0
71047,0
51026,1
37671,0
30149,0
112554,0
17867,1
72501,0
149408,0
77138,0
143468,0
44534,1
64688,0
56590,0
100105,0
35354,0
7052,0
9113,1
49282,1
93859,0
129369,0
16446,0
93170,0
36765,0
111404,1
83808,0
100498,0
116580,0
78323,0
28949,0
72603,0
123054,0
134283,0
24676,1
127778,0
121941,0
105982,0
47788,1
110385,0
121223,0
14898,0
24178,0
104971,0
148296,1
18629,0
28857,1
72562,0
100785,0
69512,1
78269,0
120404,0
67755,0
4543,1
94263,0
20410,0
129690,0
116047,1
58150,1
46968,0
63834,0
88570,0
131895,0
17782,0
46823,0
107969,1
34383,0
94810,0
128732,1
40020,0
117416,0
124230,1
42529,0
118334,0
78450,0
150481,0
68612,0
64566,0
146722,0
46528,0
16655,0
17593,0
141283,1
90234,0
14208,1
66018,1
85574,0
121176,1
77881,0
67436,0
43666,1
131265,1
75148,0
43661,0
132409,0
81512,0
115152,0
21364,1
35026,0
4410,1
123795,0
18085,0
34121,0
28372,0
56300,0
93059,1
73198,0
59310,1
145090,0
7872,0
139387,0
103071,0
116501,1
72221,0
121196,0
29317,0
140594,1
63851,1
108162,1
58970,0
8462,0
150988,0
6278,0
106190,1
73385,0
115087,0
102588,0
2011,0
19856,0
136161,0
142637,0
15935,0
103232,1
146782,0
74647,1
103391,0
108992,0
96264,0
47735,0
96193,1
140122,0
69012,0
52644,0
116097,0
93929,1
97821,0
125312,1
52662,1
95539,0
132828,0
119245,1
133984,0
65256,1
46472,0
107239,1
85089,0
6609,0
82394,0
25416,0
88057,0
20202,0
37602,0
26502,0
82431,0
21339,0
128507,0
115657,0
32270,1
94160,1
70500,0
30548,1
74630,1
49118,0
6988,0
101650,1
90263,0
79905,0
137010,0
148281,0
8799,0
62565,1
8015,0
34017,0
117032,0
128894,0
60169,0
37300,0
38803,0
143258,0
77,1
88088,0
86086,1
91760,1
46203,1
41711,0
59128,0
2033,1
99383,1
82345,0
89227,0
149989,1
22624,0
119050,0
4579,1
77991,0
86673,0
43894,0
103454,0
12516,1
48352,0
13489,0
7172,0
74632,0
73087,0
9945,0
91352,0
118081,0
104517,0
36353,0
38937,1
91159,1
133249,0
141043,0
113169,0
140417,1
132095,0
5371,0
131499,0
64729,0
136437,0
109310,0
129060,0
40314,1
108765,0
52398,0
90788,0
3509,0
70965,1
63856,1
145518,1
89220,1
107323,1
1743,1
12084,0
134,1
133349,0
24622,1
101386,1
122953,0
117376,1
48775,0
52084,0
77507,0
139953,1
11164,1
97195,0
79607,0
81813,0
78130,1
92420,1
48741,1
39542,1
83153,0
83991,0
47010,1
10001,0
91154,1
60810,0
129791,0
104147,1
98443,0
3957,0
88044,0
24325,0
43622,0
17022,0
10051,1
43272,0
51671,1
85321,1
140927,1
65998,1
15102,0
129679,1
134411,0
4601,1
69116,1
71167,1
98368,1
90172,0
4397,0
76379,1
37696,0
103447,1
124291,0
35292,0
139298,0
60739,1
83233,0
127984,0
10028,1
58622,0
146326,0
59830,0
95334,0
83304,0
141479,0
103412,0
114068,1
33148,0
69903,0
34273,1
17083,1
76657,0
131360,1
147435,0
118808,0
37275,1
96495,1
47352,1
119656,0
106110,0
118384,0
30893,0
7100,0
36833,0
98090,0
133437,0
132400,0
99263,0
108258,1
108242,1
52438,0
7496,0
6571,0
142574,0
82811,0
127913,0
90274,1
37026,0
15111,0
106687,0
70069,0
37972,0
17701,0
42471,1
43667,0
21703,0
15680,0
70053,0
143777,0
59809,1
47983,0
67261,0
140824,0
73323,0
139427,0
3086,0
81590,1
145970,0
54287,0
89259,0
45821,0
148359,1
24161,0
21894,0
13393,0
49635,0
67723,0
25168,0
136379,1
97955,0
121215,0
15383,0
10534,0
31064,0
14019,0
109915,0
20192,0
93103,0
140067,0
22123,1
77709,0
131208,0
59306,0
72487,1
8174,1
54146,1
1558,1
96680,1
104309,0
105768,0
145728,0
136709,1
92775,0
46503,0
43238,1
36263,1
73611,1
118125,0
13595,1
120734,0
93959,1
81253,0
9330,0
39464,0
38570,0
5061,0
144289,0
139309,0
140545,1
95519,0
97946,0
106609,1
52514,0
78191,0
112623,1
23992,0
26549,0
82529,1
53215,0
91369,0
44196,1
58745,0
84972,0
48437,0
145591,0
114960,0
124837,0
86024,0
65826,0
102737,0
10611,0
123733,0
88465,0
140646,0
64034,0
35559,1
69081,0
38687,0
117512,0
150308,0
26073,0
56090,0
87853,0
92557,0
79777,0
108823,0
150956,0
133871,0
35706,0
60958,0
93872,0
71942,0
36060,1
113669,0
45386,0
31992,0
42640,1
70857,1
105540,0
42249,0
139990,0
51919,0
21338,0
60071,1
816,0
13412,0
49247,0
29051,0
142877,0
139650,0
116426,0
121918,1
133575,0
42255,0
51647,0
15662,0
149075,1
91345,0
138736,0
7089,0
94779,0
91267,1
7320,0
32013,0
82576,0
75851,0
84258,1
99302,0
27073,1
93531,0
44692,1
81031,1
59469,1
120457,0
143456,1
46499,0
19249,0
146767,0
17241,0
123970,0
119471,0
31984,0
43480,0
150251,0
24574,0
83834,1
24688,0
22444,0
74311,0
145193,0
55682,0
12133,0
35007,0
145358,1
18414,0
148039,0
59269,1
77392,0
34272,1
132371,0
44103,0
28346,0
51737,0
75203,0
110759,1
57856,1
128751,0
32943,0
47663,0
87468,0
92200,0
134098,1
63104,1
126716,1
89702,0
99434,1
88071,0
126024,1
118797,0
87762,0
93615,0
61763,0
104702,0
121684,0
103900,0
86757,0
114061,0
63483,0
102783,0
24231,1
107934,0
39393,1
71431,0
5320,0
45445,1
26762,0
110005,0
16060,0
149649,0
33156,1
40891,0
74035,0
14620,1
16361,0
19842,0
59662,1
139687,0
72220,0
90914,0
116181,1
121083,0
89238,0
71162,0
82173,0
48312,1
120330,0
90041,0
57688,1
103161,0
138981,1
81889,0
48508,0
138128,0
125575,1
102995,0
17063,1
31731,1
39796,1
91253,0
62857,0
144157,1
73843,0
148497,0
94856,1
48024,0
134387,0
99733,1
45288,0
68609,1
120422,0
31132,1
140870,1
11108,0
50348,0
144154,0
100144,1
138120,0
27129,0
140650,0
56002,1
76091,0
94832,1
7363,0
66610,0
28601,0
11343,0
145990,1
137286,0
77280,1
87121,0
140280,0
88725,1
103888,0
98667,1
7419,0
55735,0
113819,1
95156,1
4490,1
4675,0
100879,0
103354,0
116295,0
4224,0
115122,0
114730,0
126787,1
57762,0
2308,1
111556,0
87118,1
78249,0
127616,1
133407,1
136833,0
120329,1
52058,0
22922,0
61165,0
137348,0
38700,0
10375,0
88599,0
148057,0
5001,0
121963,0
54755,0
69067,0
78402,0
81614,1
72818,1
9171,0
52163,0
15255,0
2762,0
134324,1
150037,0
572,0
57581,0
117689,0
106479,0
83500,0
143136,0
94913,0
124873,0
139653,0
32346,0
55641,0
71741,0
70672,0
82963,0
69373,0
42990,0
68607,1
4759,0
63657,0
7307,0
147029,0
30107,0
142314,0
73145,0
81696,0
32447,1
10404,0
65383,1
122970,0
33463,1
12354,0
16387,0
17537,1
77450,0
99571,1
97860,1
125139,1
71819,0
11150,0
104127,1
127218,1
107528,0
142553,1
110016,1
89878,0
2961,0
146126,0
112243,0
106532,0
49856,0
99222,0
11549,0
42271,0
56796,1
87481,0
94522,0
145009,0
102954,0
72051,0
16518,1
38872,0
13446,1
126185,0
121682,0
8469,0
14224,0
118894,0
117497,0
58484,0
110051,0
36429,0
130671,0
131665,1
133354,0
44093,1
49529,0
120060,0
35745,1
20617,0
137783,0
115502,0
75579,1
106685,0
88179,0
30165,1
19819,0
32098,0
42820,0
121534,0
146230,0
124748,0
116626,1
100231,0
53469,0
68030,0
29387,0
85612,1
7887,0
51220,1
47889,0
104191,1
62957,0
75179,1
81583,0
21152,0
142524,1
51387,0
139992,0
61951,1
94529,0
145674,0
83833,0
76919,0
46568,0
84308,0
142555,1
54424,0
129062,0
147679,0
13856,0
58608,1
54913,0
101046,1
11456,0
141197,1
137661,0
12107,0
124552,1
90919,1
117911,0
126905,1
20165,1
55911,0
64182,0
130594,1
342,0
47731,0
23841,1
29981,0
72840,0
135605,0
77503,0
73274,0
133867,0
6750,0
11299,0
51302,0
47481,1
101401,0
15542,1
56920,0
90726,1
91046,1
2361,0
102046,0
121593,0
41232,1
67094,1
106880,0
118835,0
29187,0
128952,0
70893,1
126794,0
111816,0
38064,0
63355,0
47497,0
149264,1
128745,1
76321,0
141974,1
60189,0
105946,1
28480,1
1572,0
150786,0
103778,0
89630,0
127992,1
107005,0
103117,1
17776,1
66562,0
143871,0
19141,0
39375,0
89682,0
55290,0
9513,0
120842,1
37618,0
128955,0
38815,0
80131,1
13342,1
68949,0
2301,0
72652,1
25669,0
86924,0
14459,0
44394,0
120135,1
149121,1
102171,1
19111,1
110995,1
115099,0
68979,0
63382,0
65544,0
56909,0
87840,0
37710,0
136554,0
30449,0
12710,0
143326,0
7666,0
63821,0
52517,1
58312,0
121844,0
90803,0
107570,0
123507,0
42536,0
82506,1
30177,0
16296,0
26383,1
70891,0
68697,0
100372,0
25658,0
116643,0
123445,1
35567,1
104480,0
94122,0
13112,1
91703,0
25898,0
65148,0
132066,0
107566,0
118220,0
108688,0
110847,0
14107,0
17384,0
122554,0
25134,1
40015,1
36772,0
57659,0
81004,1
58371,0
6189,0
25794,0
76537,0
61243,0
103669,0
117048,1
139244,1
80643,1
133889,0
127210,1
139352,0
150094,0
24241,0
20351,0
116086,1
71670,0
148447,0
31544,0
45153,0
49265,0
22221,0
30196,0
134317,0
83465,0
6378,0
133314,0
15235,0
26344,0
97659,0
121802,0
144241,0
121905,1
136955,1
97439,0
145852,1
67528,0
24271,1
128060,0
13082,0
129740,0
113326,0
21087,0
67159,0
56877,0
129792,0
54868,0
144567,0
26108,1
96270,0
8724,1
104869,1
81951,0
50001,0
109861,1
93358,1
120778,0
54133,0
45704,0
82326,0
110460,0
39092,0
56122,0
107409,0
64405,1
101183,0
106494,0
138842,1
50187,0
15687,0
134073,1
87808,0
112481,0
88300,0
64401,0
105073,0
1006,1
123292,0
120254,0
82884,1
117861,0
39851,0
137398,0
50046,1
129388,0
22987,0
143086,0
24082,0
84690,0
73855,1
133629,1
19236,0
73579,0
52677,1
109049,0
102427,1
77108,0
80507,0
93578,0
105222,0
147387,0
110922,0
68116,0
6238,0
90844,1
26200,0
68755,1
85867,0
75280,0
115558,0
86094,0
84387,0
84241,0
132690,1
6897,0
62179,0
98677,0
8334,0
37534,0
141319,1
8141,1
43160,0
134334,0
24988,1
20527,0
69732,0
99113,0
20857,0
68499,0
117602,0
98701,0
27888,1
104510,0
121557,0
35916,0
104600,0
20419,0
9215,1
129251,0
135331,0
17841,0
77556,0
151104,1
7196,1
31428,0
56431,0
47744,0
110584,1
50817,1
135184,1
81687,0
95687,0
104377,1
66173,0
46211,0
138284,0
57784,0
85208,0
91860,0
43305,0
98226,0
22189,0
146587,1
70232,0
903,0
107910,0
64706,0
149959,1
129615,1
103392,0
55459,1
141417,1
49264,0
7623,0
100654,1
99303,1
32856,0
79038,0
54656,0
44825,0
124436,0
137861,1
101716,1
63149,0
40517,1
145736,0
20770,0
6096,0
37183,0
35651,1
13899,0
129360,0
62210,0
21763,0
130143,0
50946,0
95253,1
102877,0
105703,0
139276,1
123404,0
39241,0
79300,0
121415,0
57569,0
17151,0
26521,1
17053,0
46531,0
126960,0
114466,0
130945,1
64651,0
28277,0
83939,0
109464,0
13259,0
135329,1
59580,0
98914,0
131513,1
106147,0
29175,0
32821,0
20681,1
141019,0
190,1
32576,0
20147,0
131829,0
18133,0
125976,1
134115,1
55769,0
104141,0
102301,0
135037,0
39682,0
987,0
100800,1
129445,0
70675,1
108968,0
33681,0
125671,0
64661,1
136624,0
22767,0
19339,1
68086,1
145380,0
132844,0
41039,1
143535,1
30085,0
93741,0
50257,1
73798,0
71644,0
124812,1
97409,1
114456,1
84033,1
129160,0
141930,0
129268,1
147845,0
80000,0
88876,0
51547,0
147372,0
32238,0
90458,0
3802,0
16662,0
102082,1
11235,0
80910,1
134421,0
89881,1
50086,1
90481,0
119031,0
20140,0
53411,0
108305,0
136789,1
108877,1
29150,1
45230,0
72814,1
54139,0
10694,1
82505,1
93738,0
139669,1
36121,0
118246,1
142762,0
141818,0
110753,1
107912,0
2746,1
127049,1
45571,0
137091,0
114496,0
43746,0
21047,0
128015,0
30359,0
114995,0
118165,0
38690,0
58202,0
35582,0
127688,1
93528,0
122457,1
143046,1
41894,0
101260,0
24077,0
114856,0
100338,1
124920,1
55032,0
148888,0
88326,1
106562,1
31324,0
21096,0
49469,0
103724,0
45301,0
76276,0
41409,1
31399,0
16878,0
130070,0
7333,1
38348,0
98465,0
26169,0
136701,0
66412,0
60050,0
25126,0
8435,1
88730,0
89512,0
94096,1
84021,0
138619,0
44238,1
96069,1
133588,0
104184,0
92435,0
128247,0
114758,0
61454,1
102537,1
123386,0
72855,1
131131,0
100721,0
6055,0
100442,0
38240,0
148056,0
37803,0
123238,1
38855,1
106807,1
99331,0
120862,1
119480,0
67602,0
84376,1
80692,0
93687,1
119953,0
91547,1
18384,0
104036,1
110865,1
96144,0
144604,0
52751,0
106283,0
72621,0
28085,0
22345,0
130658,0
83359,1
62616,0
120757,0
88362,0
58409,1
125522,0
132529,1
120441,1
99013,0
91179,0
37612,1
106509,1
45572,1
26974,0
140212,0
440,0
7574,0
52523,1
76882,0
44175,0
102763,1
137166,0
135729,0
114467,1
101782,0
4292,1
15144,0
52190,0
9535,0
47078,0
37850,0
24777,0
86559,0
14329,0
81652,1
97556,0
93643,1
88618,0
99868,0
108524,0
124303,1
132880,0
97097,0
40018,0
84172,0
138893,0
150157,1
45062,0
97651,0
67376,0
90871,0
13583,0
88720,0
115158,0
109794,0
142179,1
60655,0
6404,0
22604,0
59933,1
13775,1
64333,0
83256,0
128066,0
69066,0
64249,0
48195,0
16404,1
37391,0
40189,0
69030,0
33761,1
131555,1
46756,1
90254,0
86812,0
27442,1
62151,0
16612,1
42261,1
1131,0
2822,0
14566,1
126223,0
1455,1
37095,1
15987,0
54503,0
6473,0
110563,0
101538,1
37318,1
144779,1
79153,1
94747,0
36890,1
69389,0
86574,0
119377,1
94419,0
127273,0
83209,0
19618,0
33620,0
49275,0
25621,0
122504,0
35145,1
96244,1
75613,0
73079,1
45027,0
118240,0
88880,0
39992,0
19775,0
78546,0
64527,0
80295,1
135186,0
111479,1
52729,1
116717,0
56168,0
27810,1
41471,0
20348,0
83734,1
674,1
90006,0
49873,0
59992,0
147758,0
75457,1
19543,0
48660,0
102117,0
112638,0
149028,0
119429,0
99455,0
143412,1
116660,0
73282,0
30298,0
97784,0
110930,1
65448,0
102076,0
103991,0
102534,0
124129,0
116308,0
126664,0
107618,0
87476,1
50577,0
82005,0
126875,0
60061,0
144690,0
103002,0
113383,0
88116,0
27202,0
12340,0
29458,0
51471,1
102371,0
14281,0
84517,0
10826,1
9698,1
21886,1
137297,0
22859,0
22284,1
98305,0
32078,1
36396,0
149395,0
52281,0
125613,0
55009,1
25821,0
97671,0
43561,0
73346,0
16668,0
53100,0
9365,0
17167,0
35495,0
31162,1
81074,0
37375,0
107241,0
24052,0
117804,0
327,1
14011,1
144180,0
954,0
144328,0
91351,0
92818,0
91630,0
94583,1
4708,1
95046,0
66523,0
136913,0
1291,1
145301,0
73853,0
144524,0
112620,0
136974,0
115809,0
46061,0
50082,0
41241,1
27693,0
4730,0
2337,0
41103,1
42339,0
29058,0
44607,1
93193,1
72705,1
137459,1
60258,0
147906,0
49802,1
56898,1
70306,0
54378,0
115113,0
92410,0
123719,1
119273,0
63273,0
90795,0
146924,1
20941,0
38360,0
90761,0
127391,0
53998,0
74662,1
11630,0
111465,0
54966,0
135422,0
123925,1
12919,0
29102,0
11402,1
94360,0
144857,0
134964,0
24545,0
56702,0
44654,0
56959,0
117950,0
1425,1
69888,0
108235,1
85358,0
125587,1
2175,1
57184,0
98170,0
142752,0
36306,0
41806,0
23202,0
73959,1
80177,0
82754,0
53589,1
63248,0
77468,1
109036,0
22860,0
82499,0
117860,1
138386,0
139183,0
133439,1
84849,1
110366,1
86166,0
20566,1
92154,0
37763,1
79130,0
96249,1
48594,1
85342,0
70109,0
10783,0
18586,0
88571,0
21752,1
80519,0
10179,1
43041,1
17296,0
111009,1
106656,1
148516,0
20211,0
129572,0
26252,0
124101,0
94965,0
91751,0
146410,0
92382,1
142202,0
67209,1
9163,1
50815,0
121560,0
97275,0
62753,0
6284,0
116571,0
101853,1
4213,0
118625,1
70169,0
134927,1
140141,0
122108,0
45613,0
99640,0
40675,0
40790,0
105514,0
67369,0
134487,0
85259,0
107033,1
69773,1
83994,1
23008,0
96956,0
92063,0
106226,1
99101,1
91420,1
51176,0
36705,1
63608,0
135253,0
41770,0
46434,1
40942,1
70188,0
5532,0
2551,0
53724,0
118595,0
106418,0
10514,0
137943,0
93674,1
142088,0
29071,0
94786,0
84695,0
3695,1
147127,0
100992,1
24391,0
53619,1
106819,0
118273,0
118272,0
62316,0
97171,0
111552,1
106592,0
106480,0
65618,1
74145,0
117596,0
4001,1
135772,0
142824,0
17542,0
25375,0
120148,1
117064,0
133738,0
55431,0
103855,0
104122,0
36360,0
110603,1
110702,0
60271,0
123162,0
22087,1
13604,1
16369,0
35046,0
44458,1
93179,1
28074,1
23448,0
13437,1
130416,0
112046,0
67756,1
137743,1
49836,0
146605,0
114162,0
112148,0
30898,0
29358,0
92962,0
132217,0
101236,0
98602,0
8909,0
115468,0
56321,0
40805,1
34449,0
70350,0
119888,0
79860,0
58651,1
43575,1
117912,0
7097,0
32627,1
67237,0
111725,0
126428,0
15353,0
117191,0
65427,0
108128,0
66249,1
105067,0
131590,0
87531,0
98161,0
41490,0
130684,0
96723,1
17354,1
73612,1
134163,0
80930,0
32754,1
78067,1
38579,0
119961,0
113342,1
67965,0
110970,0
1071,0
83301,0
120510,1
122907,0
50526,0
105490,0
102038,0
84405,0
4589,0
134793,1
84945,0
66296,0
15205,1
71330,0
7761,1
28773,0
89587,1
3660,0
86338,0
27882,0
19267,0
8070,0
17707,0
136340,0
94598,0
29318,0
61682,0
13080,0
82372,0
98235,0
6077,0
12249,0
141343,1
46947,0
68534,0
2405,0
104883,0
129899,1
11613,0
96898,1
81222,1
2991,0
121522,1
149126,0
138637,0
47948,0
47801,0
113685,1
49553,0
56902,0
60619,0
2309,0
62001,0
148717,0
9494,1
110011,0
148235,0
132896,0
7015,0
57288,0
142859,1
35547,0
20312,1
115653,0
71831,0
137003,1
64388,1
45515,0
41744,0
142586,1
37554,0
104561,1
80553,0
123469,0
21566,0
84249,1
141059,0
146346,0
99602,0
45920,0
11076,0
65584,0
68758,0
114863,0
139107,1
5890,1
109099,0
30260,0
145467,0
52441,0
20524,0
114421,0
36262,0
95784,0
26636,0
38573,0
72667,1
68325,0
71763,0
96521,0
99402,0
93382,1
5387,0
50787,0
48198,0
128295,0
135425,0
92439,0
99596,0
5009,1
59419,0
96610,0
149173,0
44056,0
73691,0
5262,0
46023,1
68111,0
76829,0
32969,0
85859,0
11673,1
106801,0
32924,0
110750,0
126924,1
23969,0
35430,0
146332,1
72383,1
3100,0
68761,0
90334,0
84048,0
663,1
99900,0
92523,0
137446,1
39,0
2803,0
5114,0
104837,0
116088,0
87583,0
128064,0
143802,0
108080,0
100106,0
78336,0
69707,0
1007,1
24889,1
8351,0
60428,0
150537,0
98629,0
123991,0
36606,0
64010,0
135202,0
23612,1
81219,0
50987,0
149150,0
125609,0
40925,0
104402,0
145770,1
107543,1
91789,0
50986,0
92489,0
16436,0
55618,1
92051,1
26095,0
21530,0
108376,1
129455,0
23600,1
13029,0
125821,1
23404,0
150584,1
104139,0
124350,0
83676,0
29625,0
105026,0
75106,1
96349,1
127056,1
54175,0
79963,0
135390,0
116161,1
21082,0
150429,0
122202,0
32591,0
101661,0
87553,0
41859,1
106486,0
72716,0
42224,0
96024,1
99634,0
133995,0
58182,1
74126,0
65263,0
28126,0
111671,0
75255,0
126692,1
26369,0
93172,0
34378,0
63294,1
13003,1
2474,1
13178,0
32216,0
115129,1
78077,0
133420,0
122490,1
35176,0
88037,1
124820,1
126493,1
7963,0
66230,0
31089,0
42418,0
103087,0
82776,0
120817,1
149645,0
36348,1
62900,0
87730,1
60274,1
39930,0
89528,0
70172,1
34795,1
26442,1
142778,1
82012,0
47756,1
97816,0
123353,0
24846,0
7291,0
73861,1
134650,1
113215,0
38720,0
444,1
2884,1
54900,0
6026,0
77649,0
36147,0
98679,1
23564,0
127487,0
97041,0
60257,0
17623,0
129979,1
36344,1
96714,0
63164,1
133843,1
56199,0
63605,0
129049,0
40283,0
32896,0
68361,0
126715,0
148387,0
20919,0
142987,0
22154,1
108583,0
148357,1
101216,1
92002,0
62347,0
90082,1
45033,0
148980,1
16714,0
109113,0
19114,0
22709,1
136915,0
142057,0
31986,1
111393,0
23326,0
24535,0
61499,0
94112,0
125064,1
113534,0
45916,0
73170,1
115440,0
12823,1
91533,0
87809,0
32596,0
9222,1
103132,0
15074,1
108905,0
68427,0
93270,0
59969,0
91817,0
33503,0
112393,0
1452,1
111243,1
142973,0
146836,0
111483,0
37096,0
132033,0
87959,0
105677,1
77143,0
132447,0
54893,0
109217,1
99411,0
136058,0
100837,1
27410,0
115417,0
64523,0
44348,0
68374,1
96683,1
36925,0
57656,0
34644,0
69244,1
88242,0
138312,1
113048,0
62768,1
15916,0
28940,0
45150,0
105617,0
137232,0
64686,0
62439,0
25766,1
98878,1
109456,0
640,0
79355,1
14201,0
124484,1
141193,1
112948,0
109918,0
35533,0
108223,0
128508,0
40712,1
125247,0
121321,0
121265,0
35459,0
60036,1
86501,1
80151,0
18565,0
87773,1
17380,0
92505,0
150549,0
80815,0
37642,1
127534,0
108637,0
144956,0
21265,0
26550,0
38236,0
27344,1
77751,0
82905,0
100649,1
33629,0
3714,0
74195,0
66742,0
44543,0
85556,0
43777,1
98707,0
26914,0
39067,1
93768,1
5423,1
83577,0
50477,0
81392,0
143972,0
89494,0
25612,0
90107,0
111048,1
46291,0
75440,0
56250,0
133010,1
96083,1
81509,0
74209,0
3045,0
115629,0
69874,0
111452,0
142876,1
138243,1
63689,0
51572,1
144,0
75625,0
19095,0
133759,1
138374,1
54955,0
132689,0
74542,0
109540,1
67217,0
49925,0
7334,0
1521,0
23131,0
107973,1
52524,1
106025,0
82041,0
145292,1
128072,0
45202,1
82610,0
106541,0
124966,1
46697,1
63535,0
17670,0
61005,0
51601,0
28083,1
100589,0
121457,0
44047,0
106257,1
15481,0
59350,0
135364,1
101362,0
1209,0
146600,0
33296,0
133668,1
112332,0
8170,0
147608,0
94017,0
59396,0
145073,1
44026,1
97342,1
18382,0
100341,0
123869,0
27620,0
476,0
17872,1
3381,0
63650,0
14909,0
141638,0
15285,0
20422,0
74005,1
103024,0
1142,0
63347,0
115194,1
60696,0
105616,0
27425,0
49139,0
115002,0
147123,1
49645,0
130243,1
111662,0
109484,0
132806,0
22430,0
28802,0
149426,0
1229,1
99646,1
37017,0
148894,1
147855,0
28473,0
42672,1
127411,0
37824,0
102887,1
146147,0
130936,0
20784,0
69951,0
1569,0
50707,1
6764,0
31936,0
91984,0
91176,0
72748,0
67041,0
127233,0
25129,1
144486,0
93799,0
87625,1
132563,0
45312,0
86487,0
49399,1
68171,0
139641,0
109755,0
3949,0
150565,1
124530,0
62190,0
119723,0
31488,0
85439,1
107721,0
126494,1
41356,1
63033,0
59708,0
12336,0
22616,0
136835,0
4631,1
144950,1
122034,1
28499,0
116079,0
3523,1
38665,0
55126,0
108274,0
687,0
25827,0
4121,0
121263,1
46758,1
88636,0
90257,0
31638,0
138109,0
96829,0
108458,0
56917,0
126050,0
63951,1
103343,1
138711,0
74930,0
144306,0
123265,0
45311,0
143576,0
60463,0
146093,0
51691,0
138936,0
79445,0
137608,0
76739,1
117714,1
145649,0
6247,0
34041,0
57146,0
25576,0
134292,0
74577,1
92730,0
128839,0
30437,0
24448,0
3205,1
12244,0
137190,0
5759,0
7483,0
55598,1
135761,0
137913,0
65401,1
24080,0
54532,0
147901,0
19781,0
80715,0
148683,1
134939,0
1601,0
134437,0
21863,0
133108,0
45440,0
146485,0
74048,0
48664,0
120408,0
91074,0
7957,1
77327,1
106764,0
87040,0
37100,1
98427,0
66763,0
119504,1
155,0
146513,0
114349,0
118174,1
28349,0
59221,0
4126,1
108934,0
36880,1
131703,0
2931,0
3105,0
109862,0
66194,0
121300,1
101077,0
139319,0
12607,1
95325,0
40010,1
22138,0
33460,0
91899,0
65157,1
111475,1
119398,1
72587,0
31684,1
22368,0
135933,1
60161,1
116856,1
47581,0
45337,1
28247,1
109763,1
79575,0
18904,0
149424,0
149734,0
12522,0
66227,0
28928,1
147693,1
81636,0
113214,0
11950,0
141439,0
76412,0
145357,0
20290,0
57113,0
106634,0
45517,1
69108,0
62331,1
24009,0
148177,0
61382,1
96642,0
28932,0
118337,1
89979,0
78492,0
27541,1
20959,1
15857,0
143979,0
27571,0
96125,0
36864,0
66843,0
134592,0
36027,0
45063,1
150642,0
74373,0
5012,1
50077,0
131771,1
9138,1
76175,0
132632,0
115045,0
127201,0
104491,0
49972,0
138773,0
77106,0
14597,1
74429,0
133480,0
99662,0
117964,0
12141,0
45247,0
58076,0
54605,0
28584,0
2421,0
13966,1
80864,1
149350,0
69642,0
52680,0
12195,1
6608,1
136898,0
138708,1
31942,1
82314,1
52079,0
87267,0
8188,1
31897,0
150928,0
96311,0
28077,0
42740,1
150036,0
90572,1
54343,0
16642,1
88945,0
4336,0
51858,0
46295,1
25311,1
96365,0
102459,0
19067,0
82736,1
26147,0
59086,0
39791,0
142097,1
56245,1
102021,0
32609,0
105484,1
30743,0
81700,0
80651,0
9648,1
33920,1
36382,0
2827,0
137114,1
97306,0
115004,1
118102,0
141610,0
123317,0
66295,0
7609,0
4259,0
111181,0
132721,0
13788,1
7519,0
78789,0
88896,1
83204,0
126250,0
3049,0
119289,0
51428,0
47645,0
96507,0
150416,0
146153,0
113432,0
1978,0
23882,0
40295,1
78419,1
2064,0
84196,0
149014,0
1653,0
11464,0
93185,0
81685,0
17541,0
96978,0
40422,0
104856,0
92239,0
44432,0
14633,0
60392,0
82986,0
103398,0
91614,0
49376,0
61611,1
69498,0
128189,0
105245,0
133298,0
15296,1
10607,0
16351,0
28431,0
6222,0
4019,0
25113,0
24838,0
93135,0
29001,0
22462,0
120524,0
126034,0
112530,1
107439,1
84137,0
28801,0
138646,0
50790,0
124354,0
125653,1
25006,0
91824,0
40812,0
89708,0
5309,0
46194,0
50427,1
4508,0
126471,0
72739,0
29499,0
121580,0
132874,0
74546,0
36809,0
45039,0
98859,0
38361,1
56418,0
97403,1
73360,0
45060,0
94261,1
148117,0
28722,0
78203,1
58731,1
71272,1
1751,0
97153,0
32107,0
142262,0
99425,0
86784,1
49668,0
15530,0
59424,0
10298,0
53113,1
54515,0
25907,0
77034,0
84065,0
23548,0
97109,1
27435,1
72041,1
37823,0
118279,1
70524,1
105462,0
93632,0
20960,0
90493,0
97114,0
17005,1
66225,1
82805,1
108756,1
75789,0
60766,0
65759,1
108700,0
16372,1
89764,0
146134,0
134694,0
94750,0
35713,0
113575,0
31065,0
149754,0
44317,0
29505,1
135959,0
32145,1
94549,0
116489,0
35442,0
136220,0
14034,0
92874,1
33132,0
73147,0
142221,0
22662,0
53448,0
90667,0
109184,0
87778,0
58110,0
30683,1
81908,0
95321,0
116474,0
30771,0
106539,1
27044,0
102495,1
51700,0
90067,0
3452,0
96623,1
19708,0
148140,0
22190,1
111912,1
4128,1
133788,0
53166,0
37613,1
143666,0
44850,0
115336,0
29611,0
111474,0
128455,0
89264,1
99366,1
90878,0
93139,0
47628,0
57777,0
42868,0
70588,0
17522,0
14084,0
61869,0
41543,1
121251,0
45237,0
8540,0
74780,0
69487,0
53302,1
84630,0
45009,0
76598,1
119446,1
29413,0
105229,0
103869,0
19747,0
139825,0
39161,0
76008,0
135116,0
125731,0
40740,1
20609,0
27534,0
105108,0
118915,0
71449,0
130040,0
21982,1
111751,0
64044,0
60221,0
130664,1
118671,0
49679,0
55746,0
58386,1
58184,0
21162,0
93756,1
52881,0
8970,0
69091,1
140042,0
96045,1
39931,0
21724,0
133527,0
149490,1
35678,1
56243,0
131269,1
43450,0
8601,0
59514,1
126638,0
104687,0
22515,0
23995,0
10367,1
90715,0
92574,1
118645,0
91802,1
8347,0
75253,0
146161,0
19238,0
22360,0
64321,0
18199,0
118586,0
78581,1
121624,0
20137,0
104119,1
69313,0
89470,0
91073,0
26251,0
65057,0
14206,0
95659,0
83596,0
67715,0
737,0
44261,0
44247,0
109765,1
14987,0
54166,1
137223,0
122106,0
100517,0
67362,0
149277,1
77700,1
144566,0
32568,1
76967,1
129442,0
50429,0
51996,0
52426,0
44512,0
20977,0
139273,1
58160,0
89024,1
19308,0
150497,0
97957,0
130722,0
48250,0
51787,0
149552,0
65352,1
9521,0
107166,0
16376,0
116012,0
15739,0
6760,0
62548,0
87649,0
140193,0
119960,0
70864,0
98868,0
24087,0
91255,0
116397,0
2835,0
29645,0
114050,0
18050,0
117876,0
119777,0
113221,0
60805,1
31773,1
5662,0
40226,0
127243,0
135627,0
90563,1
51765,0
8838,1
1738,1
32631,1
16174,1
92202,0
74347,0
123316,0
4138,0
115397,0
22782,1
75064,0
131843,1
150498,0
10007,0
65546,0
141923,0
101407,0
60285,0
71734,0
80386,0
96340,0
72517,0
49330,0
26410,0
57096,0
4600,1
31305,0
131522,1
55585,0
44209,0
50134,1
88691,0
124927,0
121180,0
6819,1
145766,0
137881,0
15266,0
53743,1
17683,0
7570,1
80080,0
124520,0
126255,0
40964,1
6103,1
73438,1
57635,0
37543,0
87557,0
63975,0
95503,1
139516,0
82324,1
76707,0
116104,0
59508,0
44096,1
34110,1
64668,0
54286,0
28713,0
68249,0
44220,0
82655,0
110523,1
23216,0
1147,0
30633,0
142878,0
139955,0
103834,0
122559,1
23623,0
33215,0
13388,0
84488,0
77865,1
102787,1
122136,0
70134,0
57860,0
4924,0
34119,0
56158,1
61565,0
75441,0
122530,0
12530,0
29020,1
68733,0
83234,1
10487,0
52326,0
72162,0
143752,0
72259,0
1929,0
135356,0
31778,1
22752,1
11172,1
143299,0
25216,0
103370,0
148841,0
141371,1
74432,0
61582,1
148481,0
47580,0
43454,0
112556,0
45452,1
131532,0
82367,1
21826,0
117479,1
80248,0
30070,1
32905,0
6747,0
106315,1
50458,0
44083,0
70082,0
81346,0
72332,0
124311,0
29926,0
72580,0
149746,0
34112,1
23043,0
104957,0
87742,0
26146,0
110042,0
124142,0
14536,0
56145,0
43024,0
11931,0
9797,0
6520,0
63814,0
55980,0
57959,0
121012,1
54588,1
27901,1
122010,0
78429,0
82812,0
36087,0
71041,1
23455,0
145615,0
118239,0
111082,0
49652,0
141991,0
52857,0
95332,1
82159,0
105900,0
140480,0
96073,1
134261,0
4350,0
111942,0
31819,1
90663,0
140864,0
87670,1
129715,0
12275,0
143317,0
81834,0
56690,1
140469,0
57934,0
19503,1
64838,0
68151,0
21987,0
62644,0
29241,0
10025,1
106582,0
60734,1
118601,0
43366,0
43541,0
141058,0
111988,0
124151,0
70918,0
126423,1
140366,1
147295,0
72462,0
58417,1
16386,0
6625,0
91099,0
15586,0
68134,1
4642,0
134290,0
79383,0
114556,1
143660,0
26300,1
125550,0
55476,0
139378,0
37753,1
29574,1
3457,0
101618,0
51193,1
83852,0
3898,0
10755,0
78502,0
35697,0
95520,0
142498,0
25449,1
7638,0
122159,1
25465,0
146789,1
100914,0
53458,0
81246,0
41459,0
80156,0
76444,0
103519,1
149914,0
121396,0
59262,0
21149,0
89594,0
134104,0
8150,1
39634,1
144277,1
60418,0
8727,0
5556,0
84774,1
137088,1
49202,0
135450,0
87639,0
75338,0
9438,0
35943,0
27563,0
17856,0
59789,0
148063,0
91696,0
74147,0
141,1
81471,0
44021,0
148173,0
87879,0
129145,1
97663,1
83138,1
63058,0
97710,0
73485,1
14865,0
41475,1
228,0
118890,0
65596,0
28649,0
61457,0
62789,0
1917,0
51238,0
25138,0
150629,0
37985,0
69867,1
144904,0
100480,0
41287,1
23336,1
144429,0
147351,0
48784,1
25240,0
91609,0
79668,0
30826,1
49537,0
29421,0
85804,0
24169,0
111737,0
130609,1
16904,0
134118,0
90847,1
108574,0
125018,0
73988,0
147752,1
2869,0
17755,1
86923,0
90331,0
106432,0
13772,1
6772,0
87153,0
18819,0
95246,1
101346,1
112640,0
141367,0
28859,0
43115,0
85644,0
131505,0
137762,0
117620,0
123237,0
13792,1
107858,0
34099,1
22387,0
42774,0
5401,0
132424,1
122172,0
145814,0
30661,1
35391,0
2736,0
9450,1
149796,0
124233,0
77526,0
21498,1
15134,1
4440,0
143319,1
48568,1
124016,1
85388,0
134523,0
55187,0
81647,0
14454,0
98641,0
102445,0
140581,0
76192,0
15097,1
47250,0
16078,1
50929,1
88561,0
1098,0
46730,0
59325,0
92189,0
75631,0
30404,0
63343,0
92881,1
104583,0
34937,0
112724,0
60804,0
113542,0
41594,0
150364,0
46838,1
64376,0
143631,1
96402,0
138465,0
122719,1
42169,0
149218,0
24019,0
69158,0
864,0
68886,0
95871,1
98927,0
142106,0
76130,0
83901,1
127442,0
35048,0
120346,0
85346,0
45753,0
126829,0
120729,0
95173,1
71049,1
41622,0
60843,0
75898,0
135182,0
114684,0
7043,1
113456,0
75572,0
77328,1
18490,0
11699,0
72231,0
68483,0
137140,0
19929,0
132498,0
32506,0
112899,0
63338,1
13453,1
41073,0
42260,0
89678,0
15332,0
114768,1
128112,0
100685,0
123852,0
94861,0
105572,1
147180,0
92885,1
3953,0
15157,0
58146,0
121045,1
128055,1
139406,1
36750,0
43337,0
144191,0
49736,0
66434,0
119659,0
104893,0
45041,0
133006,1
18596,0
59459,0
138876,0
8964,0
55681,0
38300,0
113829,1
79511,0
114793,0
114652,0
42270,0
84016,0
36950,0
129108,0
127446,0
7268,0
82694,0
142305,0
12058,0
38740,0
129162,1
116644,1
72410,0
77220,0
78653,0
81182,0
58179,0
144233,1
109742,0
84622,0
62423,0
17877,1
99025,0
56540,0
91207,0
150315,1
151039,0
137736,0
136477,0
60192,0
61218,0
3126,1
72653,1
33806,0
28061,0
93426,0
12744,0
69976,0
52022,0
9954,1
31749,0
34705,0
16034,0
103611,1
30670,1
99729,0
52362,1
87000,1
17162,1
119406,1
85505,0
74685,0
86117,0
63371,0
8833,0
110473,1
37514,0
59716,0
130018,0
93810,0
66930,1
87420,0
12463,0
85278,1
101493,0
141218,0
54278,1
40661,0
116221,0
32186,0
86703,0
7965,1
17381,0
40206,0
144109,0
92727,0
83493,0
61172,0
31974,0
95573,0
89333,0
100921,1
126431,1
134759,0
150553,0
45214,0
122078,0
70196,0
7434,0
89869,0
141428,1
80520,0
43315,0
101663,0
126109,0
145752,0
110581,0
16955,0
65710,1
14162,0
2365,0
44031,0
148082,0
149787,1
69167,0
28108,0
42315,0
12690,1
43207,0
110094,1
35818,0
145960,0
83329,0
20598,1
48275,0
62182,0
27724,0
95524,0
34606,0
55172,0
19151,0
146307,0
131394,0
100070,0
134798,0
105797,0
99410,1
57690,1
72163,0
135322,0
16792,0
147695,1
90473,0
132186,0
145214,0
143196,0
42462,0
142335,0
105680,0
5781,0
31742,0
106356,0
63301,0
60451,0
32028,1
133906,0
65619,1
108495,0
99522,0
22180,0
41414,0
58007,0
111985,0
4233,0
104230,0
133069,0
10020,0
46246,0
128400,0
42489,0
114386,0
31652,0
65382,0
39383,0
44270,0
43193,0
123805,1
38945,1
35412,0
37929,0
54208,1
119438,1
125911,1
59054,1
61428,1
23186,0
48192,1
59409,0
76173,0
7305,0
33151,0
125790,0
33839,0
141181,1
138561,0
82737,0
97191,0
143891,0
57025,0
136044,0
119006,0
91906,0
139689,0
9868,0
46324,1
111383,0
10046,0
33190,1
142917,0
37012,0
33481,0
92624,0
20891,0
41925,0
86901,0
74614,1
6536,0
61892,0
48489,0
116125,0
131362,0
137266,0
38951,0
105678,1
118202,0
126744,0
115121,1
76342,0
115281,1
68091,1
123481,1
114396,1
124078,0
46445,0
35241,0
69719,0
117761,0
106703,0
38978,0
62998,0
138285,0
38010,0
966,0
121168,0
82039,0
120306,0
44667,0
99627,1
13995,1
47570,1
101769,1
144868,0
37175,0
30948,0
82082,0
91098,0
147326,0
47522,0
58498,0
63081,0
50733,1
1688,0
84918,1
98307,0
1733,0
113782,0
125187,0
25597,1
9173,0
126144,1
108925,0
50714,0
112088,0
134506,1
10198,0
86329,0
68381,0
40706,0
143212,0
95864,0
106049,1
30784,0
117359,1
132045,0
83993,0
89380,1
13900,0
70471,0
86783,1
47020,1
120201,0
36166,0
18351,0
127364,1
57180,0
110133,0
16112,0
138827,1
791,0
58475,0
122601,0
111529,0
150876,0
92537,0
126956,0
15482,1
72176,0
3894,0
133561,0
150130,0
80764,0
31868,0
101227,1
4279,1
79376,1
116970,0
113982,0
109397,0
86514,0
84334,0
58829,0
144972,0
2271,0
95019,0
67967,0
138833,1
100916,0
66589,1
102291,0
36717,0
102389,0
13970,0
70494,1
47478,0
27468,0
128124,0
10939,0
92249,0
85737,1
85790,0
143845,0
11769,0
16080,1
135106,0
62638,0
134117,0
64212,1
128267,0
10668,1
132784,0
128604,0
26751,0
111281,0
53540,0
43627,0
128213,0
85459,0
32291,0
62919,0
90731,0
41671,0
17590,0
93089,0
4700,1
98541,0
20061,1
89389,1
99936,0
61668,0
74694,1
149178,0
110760,0
94980,0
128645,0
130211,1
7205,1
100507,0
82102,0
66008,0
124092,1
89423,1
10803,0
20388,0
115144,1
82084,0
142022,0
84223,0
146573,0
107751,0
143797,0
12132,0
78619,0
96560,0
148657,0
118143,0
64345,0
123325,0
137539,0
43118,1
42704,0
149176,0
126053,1
121781,1
4125,1
15527,1
35832,0
70629,1
143743,0
58423,0
140518,1
129551,0
117775,0
87240,0
60250,0
63331,1
61556,0
23115,1
47143,1
48307,0
46432,0
93350,0
93212,0
69616,1
84578,0
92985,0
143101,0
9694,0
101504,0
72314,0
15119,1
129634,0
102402,0
59067,0
120452,1
85134,0
93671,0
30288,1
135237,1
125908,0
130282,0
76004,1
144545,0
96512,1
15871,0
5601,1
5326,0
26540,0
70742,0
41951,1
89328,0
57803,1
58865,0
11430,0
139431,0
134666,1
52980,0
102199,0
10012,0
80795,1
120327,0
45905,0
63332,0
82351,1
124694,1
86333,1
35919,1
130791,1
91353,1
58579,0
88712,0
109300,0
99023,0
40299,0
63017,0
69342,0
30295,0
106808,1
98139,1
69611,0
43108,1
82604,0
93123,0
74876,0
85323,0
45647,0
88248,1
21751,0
131834,0
72692,0
66797,1
94533,0
61793,0
121297,0
18532,1
115539,0
30745,0
63762,0
15669,0
62808,1
39962,1
40538,0
99838,1
71871,0
132041,0
3761,0
15141,1
63012,1
100,0
4838,1
66442,0
18441,0
144708,0
9194,0
107545,0
44295,0
534,0
4948,0
46563,0
112272,0
133202,0
67162,0
17551,1
96356,0
49311,1
124487,0
21942,0
4687,0
90340,1
19873,0
89422,1
54058,1
15125,0
73313,0
67812,1
12251,0
118349,1
40175,0
137254,0
124629,0
18023,1
63400,0
49208,0
51438,0
112852,0
103992,0
14992,1
2189,0
35378,0
107344,0
49696,1
22061,0
105615,1
50176,0
83116,0
109660,0
108599,0
58560,0
137047,1
142709,1
137227,0
36476,0
146955,1
25881,0
146371,0
121305,0
29096,0
99622,0
125630,1
36390,1
139582,0
76347,0
120531,1
59555,0
91665,0
89768,0
143026,0
122272,0
149379,0
60232,0
51001,0
53981,1
144574,0
109316,1
43156,1
85316,0
147448,0
132560,0
150569,0
107040,0
44307,1
120273,0
118161,1
35293,0
79789,0
76197,0
91391,1
104089,1
114075,0
79247,1
9631,0
78042,0
4757,0
75331,1
73233,0
31145,0
135308,0
47823,0
64918,1
56900,0
24115,0
34419,0
11394,1
123858,0
32114,1
37689,0
97882,0
151096,0
39467,0
110509,0
25809,0
43546,0
100450,0
96374,0
43154,0
91836,0
47626,0
57987,1
25502,1
10762,0
55484,0
101630,1
83038,0
73883,1
8842,0
113734,1
24136,0
45768,0
91808,1
128770,1
118209,0
16344,0
72679,0
136015,0
105059,1
59851,0
88633,1
2442,0
85131,1
117142,0
133665,1
17649,0
103903,1
96116,1
81112,0
134699,1
42150,0
772,0
64361,1
42966,0
148348,0
91236,0
88350,0
862,0
29589,0
127837,0
81528,0
83356,0
1069,0
107360,0
40802,0
2823,1
47738,1
102135,0
9322,0
25874,0
10617,1
122538,0
89338,0
58472,0
150572,1
128886,1
92888,0
42577,0
29519,0
1625,0
47418,0
7491,0
35249,0
118262,0
93920,0
72988,0
82016,0
42718,0
114337,0
141600,1
12420,0
117629,1
109059,0
20512,0
71789,0
126588,0
73995,0
42151,1
37712,0
62674,1
143612,0
23169,0
32023,0
127168,0
139971,0
26345,0
45983,1
17936,1
27103,0
16756,0
12070,1
106838,0
103939,0
117004,0
145586,1
142336,0
69798,0
53750,0
105868,0
1233,0
13384,0
90708,0
130583,0
70006,0
66417,0
54854,0
33493,0
143463,0
68221,0
17166,0
114165,0
117255,0
65620,0
17994,0
138043,0
53146,0
30168,1
111620,0
109347,1
67820,0
11570,0
150491,0
88705,0
132189,0
4518,0
117478,1
142902,1
123097,1
130394,0
27536,1
88015,0
30931,1
122727,1
72619,1
34877,0
65855,0
143467,0
45967,1
45256,1
116313,1
18255,0
50020,0
100438,1
32787,1
134376,1
6707,1
81335,0
85190,1
102920,0
81351,1
110714,0
64970,0
44036,0
11273,1
96492,0
144373,0
29576,0
62801,1
55494,0
107978,0
46523,1
84037,1
151091,0
30084,0
89752,0
106156,0
8304,0
18090,0
16049,0
59862,1
114663,0
38286,0
78652,0
13023,1
91588,0
17945,0
105646,0
110861,0
137538,0
84766,0
65190,0
83692,1
50332,1
55347,0
116160,0
101912,0
13753,0
86598,1
76079,0
3992,0
47033,0
139365,0
33497,0
113993,0
10107,0
23247,1
77060,0
115085,1
8674,0
20980,0
90021,1
1326,0
66829,0
145513,1
83866,0
30854,0
88188,0
144866,1
136417,0
62673,0
4158,1
106189,0
144616,1
10845,0
55124,0
103053,1
36076,0
145956,0
35527,0
90209,0
144036,0
132209,1
73799,1
84325,0
12318,0
39382,0
108170,1
16592,1
28308,1
82297,0
129974,0
124579,0
132069,1
63340,0
87150,1
69362,0
117370,0
76017,0
51944,0
148451,1
39868,1
127091,0
13254,0
5672,1
149559,0
16276,0
111433,0
108049,0
15075,1
30325,0
69662,1
53025,0
14341,1
11372,1
118741,0
114656,0
88685,1
117944,0
92945,0
129184,0
87140,0
101796,0
40008,1
43445,0
30829,1
13366,0
134206,0
81314,0
97073,0
80994,0
96107,0
12179,1
106914,0
78553,0
47701,1
137426,0
7385,0
35417,0
38150,1
44094,0
110985,0
46637,0
5811,1
115499,0
127096,0
99407,1
109614,0
83915,1
65264,1
64096,0
12425,0
149188,1
66516,0
57443,1
22592,0
120946,0
29452,0
77858,0
40597,0
134553,0
144485,0
51134,0
124258,0
44563,0
45438,0
91884,0
52070,0
21651,0
71618,0
82730,0
76953,0
121854,1
78290,0
107354,0
117323,0
100211,0
63513,1
5162,0
111721,0
60357,0
86300,0
71262,1
48203,0
3856,0
136600,0
64635,0
71303,0
145481,0
74111,0
86122,0
13153,0
143876,0
57809,0
131925,0
44912,1
102063,0
34329,0
40775,0
22240,1
145685,0
49073,0
12062,0
83082,0
127704,0
37482,0
136524,1
112076,0
66628,0
86561,0
65912,0
116890,1
102237,0
70002,0
103597,0
9174,0
144548,0
64576,0
47156,0
87435,0
119525,0
35981,0
80922,1
148361,0
44071,0
93599,0
129717,1
82412,0
2030,0
3348,0
22693,0
88041,0
114735,1
145298,0
150978,1
19758,0
13291,0
8414,0
38015,0
140232,0
77174,0
17399,0
29403,0
51920,0
107588,1
5753,0
43484,0
18997,0
11824,0
99880,1
128503,0
147324,0
16043,0
26735,0
145526,0
6223,0
22434,0
58065,1
47357,0
33004,0
136343,1
4979,0
35790,0
104313,0
46822,0
23394,0
30380,1
116216,0
13639,0
44251,0
135886,0
18466,1
40138,0
77988,0
100041,0
5622,0
100126,0
111866,1
50908,0
61666,1
20275,0
145940,0
98163,0
145842,1
62399,1
43914,0
46965,0
120588,1
12165,0
25529,0
128610,0
51675,1
80252,0
146598,1
23158,0
75819,1
49861,0
67927,0
82364,0
131125,1
4545,0
107719,1
2164,0
26774,0
43264,0
44745,0
75888,0
115131,0
16511,0
85669,1
25759,1
132640,0
110700,0
42963,0
108317,0
50912,0
117257,0
105304,0
5420,1
21144,1
89062,0
59519,1
20943,0
99423,0
101541,1
144463,0
23097,0
7166,0
127966,0
22918,0
140633,0
117405,0
63152,0
38726,0
99535,0
98910,0
28461,0
5909,0
87501,0
77335,0
150675,0
35366,0
42324,0
124273,1
78456,0
7746,0
136005,0
108025,1
35075,0
147891,1
3848,0
23512,0
80259,0
66162,0
41175,0
83346,1
98616,0
123095,0
98724,0
47029,1
57056,0
21477,0
60421,0
14273,0
58657,0
145962,0
115093,0
58368,1
80107,0
8465,0
65145,0
52505,0
57896,0
132621,1
9061,0
100481,0
3758,1
115255,0
75190,1
82607,0
42970,1
113034,1
131869,0
92296,0
107579,0
21835,1
24049,0
124026,0
23760,0
23450,0
74295,0
17293,0
126845,0
45110,0
102284,0
106114,0
112664,1
124180,0
95461,0
4340,0
90417,0
98296,1
47324,0
50540,0
72299,0
69182,1
80894,0
93692,0
11568,0
36719,1
57947,0
142978,0
3281,0
113230,0
145096,1
22380,0
68291,0
25495,0
59097,0
96721,0
96786,0
127342,1
63580,0
98371,0
74426,1
75471,0
7606,0
147384,0
130778,0
99083,0
81321,1
24518,0
52868,0
18766,0
73291,0
52049,1
121955,0
40521,1
96452,0
21368,0
27555,0
17474,0
107318,0
56453,0
130302,0
46059,0
10507,0
38275,0
138786,1
99644,1
61080,0
74503,0
17324,0
135181,0
111061,0
1848,0
133245,1
79794,0
127940,0
118984,0
42530,0
89428,0
74453,1
42378,0
57468,1
134531,0
53021,1
88046,0
142046,0
62234,0
110718,1
74062,0
32926,0
108354,1
93698,0
46316,1
302,1
33306,0
124780,1
76839,0
104658,0
66776,1
27907,0
27995,0
61934,1
146818,0
135301,1
56591,0
131662,0
103065,0
98223,0
24722,1
926,1
79609,0
40424,1
115682,0
111636,0
17403,0
136413,0
49519,1
90017,1
37934,0
3601,0
73887,0
47984,0
118344,0
150479,0
7346,0
41531,1
5999,0
16758,1
143055,0
56012,0
137378,0
9478,0
136880,0
46089,0
137978,1
75913,0
20592,1
98943,0
88841,1
45930,1
36133,0
32480,0
58727,0
130349,0
138917,0
122930,0
6303,0
29897,0
121689,0
44433,0
7236,0
110698,0
121764,0
66497,1
61031,1
14450,0
144814,1
115871,0
143063,1
134649,1
144771,1
36791,0
117024,0
147058,1
135522,1
116289,0
105664,0
142506,0
14843,1
74102,1
102474,0
142457,0
69478,0
95286,0
46038,0
115678,0
5122,0
98613,1
71902,1
48485,0
91849,0
17443,1
80975,0
47197,0
20289,0
101065,0
20806,0
109877,0
94475,0
107567,0
102572,1
149671,1
113501,0
53364,1
39853,0
394,1
7340,0
63672,1
21197,0
23638,0
14271,0
80304,1
43180,0
27793,0
73894,1
126713,1
82498,0
44475,1
147463,1
19204,0
34024,1
33017,0
142058,0
67879,0
62535,1
24116,0
17479,0
127722,1
81937,0
44529,0
389,1
14209,0
27086,0
132833,0
145890,0
115075,0
78548,1
68172,0
116239,0
98380,1
110937,0
109020,0
6203,0
15467,0
81827,0
41454,1
41395,1
137912,0
5795,0
97233,0
144325,0
12068,0
97874,0
144781,0
101884,0
138635,0
95861,0
102116,1
67101,0
50148,1
107162,0
149189,1
117221,0
69771,0
53210,1
73256,0
123429,1
133095,1
63888,0
111081,1
37209,1
112365,0
12610,0
106586,0
29696,0
79211,0
47835,0
37741,0
38881,1
124805,1
64242,1
108886,1
56821,0
72208,0
65663,0
38551,0
76434,1
93020,0
28360,0
60906,0
139790,0
114167,0
3260,1
128735,0
6871,0
126901,0
3190,0
96948,0
117299,0
99629,0
37828,0
148954,0
27879,0
41687,0
59323,0
111807,1
87607,1
78047,0
94088,0
24761,0
136838,0
68813,0
106879,1
13344,0
7511,0
73586,0
28483,0
28705,0
84850,0
63031,0
13060,0
142123,0
104128,0
119848,0
84867,0
21366,0
11070,0
33267,0
9552,0
96389,0
18184,0
77472,0
111908,1
53947,1
103668,0
134647,1
89418,0
117379,1
115143,0
64072,0
16948,1
23037,0
78839,0
85952,1
99030,0
108806,0
76104,0
106170,0
34734,1
24424,1
13581,1
85408,0
125084,0
33146,0
10889,0
46424,1
77155,0
51531,1
3166,1
130705,0
63006,0
46972,0
73678,1
19757,0
24291,0
91469,1
28378,0
132853,0
33480,0
150502,0
62982,0
68026,0
143832,0
56161,0
144933,0
50059,1
103265,0
18640,0
92217,0
70690,1
109819,0
144926,0
118417,0
151107,0
135382,0
103862,0
77925,0
2571,0
126987,0
86136,1
113209,0
17974,0
104959,0
106891,1
10870,0
142512,0
112473,1
99274,0
101752,1
93723,1
62187,0
107667,0
112134,0
93365,0
27319,0
47179,1
137080,0
87224,1
69170,0
12299,1
103775,0
47205,0
5265,0
37313,0
129100,1
25121,0
85970,0
130359,0
75872,0
29473,0
117486,0
106311,1
40048,0
6263,1
35789,0
711,0
54693,0
33594,0
69667,0
79435,0
49835,0
142074,0
98039,0
20516,0
98231,0
73934,1
61845,0
93688,1
61854,0
116389,0
18285,0
70321,0
150343,0
111629,0
81478,0
56885,0
119765,0
54831,1
32021,0
6770,0
36589,1
52167,1
89002,0
72271,0
150684,1
136240,0
13417,0
90384,0
11797,0
47458,1
75480,1
85923,1
44713,0
22501,1
9128,0
77381,0
24922,0
82892,0
99228,0
61641,0
62468,0
88817,0
105984,0
102646,0
91604,0
137753,0
98387,0
133391,0
10038,0
141032,0
8275,1
4564,0
135635,0
125053,0
138840,0
36670,1
27203,0
134766,0
60301,0
140460,1
6650,0
69932,1
30164,0
43397,1
18058,0
20322,0
99130,0
58135,0
49082,1
22742,0
69783,0
129091,0
102998,0
37121,0
56474,0
143297,0
12742,0
116902,0
132275,0
18892,0
25457,1
134898,1
146261,1
53412,0
33458,0
32886,0
77747,0
88839,0
43166,0
128259,0
103191,0
46839,0
146133,0
120478,1
37020,0
150759,0
103003,1
138233,0
15386,0
101050,0
136654,0
45693,0
123547,0
107252,0
109013,0
74732,0
76034,0
51801,0
93274,0
146043,0
60838,0
143815,0
60385,0
94314,0
107374,1
81582,0
30772,0
1822,0
40659,0
119340,0
113109,0
120758,0
91382,0
73223,0
569,0
94498,1
118472,0
71596,1
113800,1
61753,0
81327,1
117982,0
60633,0
143107,0
128611,1
37230,0
107616,1
50890,0
124931,0
44761,0
25388,0
133214,0
147732,0
93857,0
112318,1
105214,0
128866,0
87037,0
94443,0
8205,1
38256,0
47622,1
61597,0
125515,0
62791,1
110754,0
30281,0
121758,0
134586,0
74363,0
51278,0
40833,0
46554,1
139852,0
7432,1
31286,0
128755,1
41508,0
138696,0
33684,0
11123,0
71848,0
105398,0
137591,0
63192,0
61392,0
54761,0
125435,0
145831,1
21750,0
12824,0
26002,1
20594,0
79656,1
150378,1
22219,0
69052,0
141022,0
115942,0
935,0
70224,0
13998,0
75043,0
83397,0
143617,0
36845,0
69011,1
96542,0
127261,0
1010,0
72920,0
113890,0
35508,1
119728,1
61170,0
138845,0
147483,0
79198,0
74392,0
80678,0
149534,0
101632,0
9363,0
69378,0
132360,0
42941,0
96737,0
143417,1
150649,0
2972,1
142959,0
52486,0
51266,0
124121,1
103059,1
120007,0
146776,0
73155,0
58260,0
135571,1
94527,0
117995,0
66798,0
150510,0
42561,0
141787,0
7748,0
55709,0
11169,0
3811,0
893,0
5393,0
145313,0
132305,0
41565,0
6471,0
96339,1
49755,0
50673,0
111654,0
143572,0
79105,1
141352,1
2619,0
106098,1
67143,0
149508,0
58519,0
426,0
41516,0
135838,0
89120,0
96644,0
91757,0
57863,1
111242,1
134388,0
117583,0
109587,1
36994,0
88703,0
120869,0
121430,0
133532,1
30470,0
126516,0
31141,1
140541,0
18903,1
109079,0
119469,0
121959,0
54706,0
69409,0
135554,0
114853,1
83446,0
39228,1
32060,0
51398,0
76973,0
20818,0
58730,1
27641,1
46491,1
69791,1
81450,1
82253,0
100971,0
133516,0
106556,0
3564,0
141129,0
25584,1
137365,0
66528,0
115282,0
78936,1
32089,0
25782,0
143217,0
32909,1
57273,0
150026,0
133185,0
75604,0
16062,0
114319,1
25096,1
56133,0
97771,1
83494,1
135790,0
137020,0
103822,0
102133,0
75797,0
66672,0
92454,0
11040,1
28644,0
86271,1
14960,0
111554,1
140311,1
76877,0
121820,0
100805,0
34648,0
97714,0
124299,1
116528,0
66148,0
105109,0
23266,0
115125,0
64782,1
69084,0
117783,0
38659,0
34060,0
56998,1
44139,0
92170,0
122811,0
53420,0
134086,0
16849,0
67178,0
46173,0
38858,0
113327,0
24045,0
74416,0
123898,0
139072,1
10982,0
77587,0
79925,0
125970,0
106178,1
81764,0
134914,0
29566,0
51410,0
60186,0
142286,0
25469,0
139447,1
5700,1
11823,0
642,0
34132,0
1090,0
15424,0
34583,0
20567,0
104622,0
114307,1
95139,0
98356,0
38180,0
43660,0
108105,1
150313,0
148682,0
46422,1
46133,0
84618,0
61065,1
68779,1
57769,0
52351,0
43390,1
140402,0
127141,0
64727,0
27455,0
17127,1
101736,0
75401,1
23307,0
5247,1
355,1
146112,0
131118,0
67562,1
43437,0
76066,0
73106,0
77740,0
12369,1
85596,0
120104,1
9134,0
89096,0
91569,0
7615,0
79296,0
113964,1
94344,0
134722,0
76158,1
46097,1
88778,1
8204,0
139407,0
126041,0
76457,0
28301,0
9201,0
85787,0
18231,1
61913,0
25181,0
6437,0
106152,0
69621,0
139878,0
125193,0
59689,0
69705,0
96526,0
23536,0
142007,0
34002,0
78496,0
99046,0
149614,0
117369,1
120018,0
61778,0
130987,0
20780,0
124989,0
74377,0
36236,0
51031,0
133779,0
82164,0
82165,0
126704,0
53047,1
44791,0
69613,1
14159,1
22578,0
81238,0
122938,0
17454,0
104740,0
9921,0
45488,0
119096,0
31045,0
95999,0
11151,1
135919,1
2910,0
37650,0
113723,1
2808,0
106809,1
124075,0
57790,0
57816,1
148741,0
10281,0
3658,0
143110,1
86607,0
121032,1
50774,0
27212,0
85687,1
125825,0
18245,1
74061,0
10333,0
69232,0
11916,0
99403,0
52092,0
80040,1
144552,1
4277,1
30549,1
76448,0
147725,0
39942,0
112373,0
127151,0
71857,1
148496,0
32467,1
73536,0
48712,0
134239,0
19921,1
50419,0
92066,0
105719,0
8899,0
56827,0
18970,0
12714,1
56343,0
124165,0
13611,1
131711,0
22024,0
147203,1
73606,0
27577,0
65851,0
20957,1
121960,0
47224,1
49860,0
148630,0
89621,0
146583,0
82463,0
491,0
41278,1
135763,1
92732,0
139637,0
69027,0
25418,0
125829,0
97996,0
43857,1
33841,0
91459,1
52626,0
90888,0
147902,0
2047,1
68971,0
32623,1
39857,0
76144,1
33911,0
60888,1
103760,0
18550,1
149677,1
42467,1
37208,0
41066,0
99211,1
94327,1
99513,1
34158,1
32871,0
50295,0
55163,0
70119,0
116196,0
130502,0
95082,0
32538,0
149259,0
6822,0
53942,0
78432,0
86915,0
90277,1
61889,1
46462,1
111642,0
102314,0
28324,0
123018,0
5451,0
70705,0
353,0
66205,0
142594,0
31724,0
70976,0
147675,0
8688,0
46467,0
54492,0
73109,1
13874,1
87259,0
111037,0
130145,0
11232,0
120377,0
73518,0
137962,0
107709,1
110060,0
114127,0
39570,0
3046,0
82187,0
38133,0
